{
  "name": "SignalFx Alerts",
  "form": "91abeed0-6ff4-4d57-8ac1-0109522fb787",
  "blocks": [
    {
      "id": "c22374dc-b0e0-4488-854d-c07c5e9460e6",
      "label": "Acknowledge",
      "environment": "HOSTED",
      "presentation": "{}",
      "step": "8e5b557e-150a-459f-97e6-4dac44f9971e",
      "stepType": "INTEGRATION"
    },
    {
      "id": "6ab30df2-749c-4ff0-b2c1-761d24b47df9",
      "label": "Add a Note",
      "environment": "HOSTED",
      "presentation": "{}",
      "step": "0daacd1c-9df5-466b-a7cf-6615800a7e60",
      "stepType": "INTEGRATION"
    },
    {
      "id": "b45a85a6-9312-432d-9972-514629fb55c8",
      "label": "Escalate",
      "environment": "HOSTED",
      "presentation": "{}",
      "step": "f61ae436-ae84-4f3b-95d1-c428dfb2e873",
      "stepType": "INTEGRATION"
    },
    {
      "id": "743d9b81-086e-481d-a708-d285f0de481a",
      "label": "Event count",
      "environment": "HOSTED",
      "presentation": "{\"w\":60,\"x\":133,\"h\":60,\"y\":-158}",
      "stepType": "SWITCH",
      "inputMappings": [
        {
          "inputPort": "input",
          "mapping": "${f74906b5-feb4-4433-8a6d-a55b6caf4849.Number of Event IDs Returned}"
        }
      ],
      "switchCases": [
        {
          "caseId": "6d64b723-9e4e-4dfe-82f7-a73e707548a0",
          "caseValue": "0"
        }
      ]
    },
    {
      "id": "f74906b5-feb4-4433-8a6d-a55b6caf4849",
      "label": "Get Events",
      "environment": "HOSTED",
      "presentation": "{\"w\":60,\"x\":-14,\"h\":60,\"y\":-173}",
      "step": "f36cf6ba-2225-5cb3-831f-030a05527c72",
      "stepType": "SCRIPT_STEP",
      "inputMappings": [
        {
          "inputPort": "input",
          "mapping": "incidentId#${constants.Language}",
          "stepInput": "72cd05cc-dfe2-5933-b85c-edcf1df9f56f"
        },
        {
          "inputPort": "input",
          "mapping": "${6d4870b1-a9eb-40c1-ac7a-dee23ac8d589.incidentId}",
          "stepInput": "b58893a5-ffaf-502d-982b-613dcd7b2232"
        },
        {
          "inputPort": "input",
          "mapping": "TRUE",
          "stepInput": "3bb89cc9-b89f-5291-9c54-1da7bc6c051a"
        }
      ]
    },
    {
      "id": "bb30b761-91c0-44ee-81b0-58e14001f40c",
      "label": "Mute",
      "environment": "HOSTED",
      "presentation": "{}",
      "step": "fee1a917-6d31-4314-8a8f-5814f622c82a",
      "stepType": "INTEGRATION"
    },
    {
      "id": "4db4c5e5-b8b2-4f9d-bc90-5ca6b0c92c87",
      "label": "Resolve",
      "environment": "HOSTED",
      "presentation": "{}",
      "step": "31f1cb7f-2ad7-4d59-b59e-db9b1df60991",
      "stepType": "INTEGRATION"
    },
    {
      "id": "797d8f72-0156-422d-a63b-1554df10ce46",
      "label": "Responses",
      "environment": "HOSTED",
      "presentation": "{\"w\":100,\"x\":-93,\"h\":50,\"y\":141}",
      "stepType": "RESPONSES"
    },
    {
      "id": "69e60c5f-361c-476a-befb-f141b68a39f0",
      "label": "SignalFx - Mute",
      "environment": "HOSTED",
      "presentation": "{\"w\":60,\"x\":100,\"h\":60,\"y\":453}",
      "step": "e22db0cf-8494-4260-9f76-2e3f64fcb74d",
      "stepType": "SCRIPT_STEP",
      "inputMappings": [
        {
          "inputPort": "input",
          "mapping": "${constants.Mute Duration}",
          "stepInput": "378ed43a-70aa-444c-8c1a-d24e7d0be5d7"
        },
        {
          "inputPort": "input",
          "mapping": "${event.properties.metricInputs}",
          "stepInput": "1d347a78-7178-4e71-b4f2-40deb1c2611b"
        },
        {
          "inputPort": "input",
          "mapping": "${event.properties.detectorUrl}",
          "stepInput": "6fc9b7a7-009e-4796-a398-aaa084423097"
        },
        {
          "inputPort": "input",
          "mapping": "${constants.API Token}",
          "stepInput": "024c835d-37a5-4e10-91ab-4798cd4005c6"
        }
      ]
    },
    {
      "id": "2082e483-1f1d-471c-b7ab-b347d9c885fc",
      "label": "SignalFx - Resolve",
      "environment": "HOSTED",
      "presentation": "{\"w\":60,\"x\":97,\"h\":60,\"y\":920}",
      "step": "bde602db-0d4c-4e2b-a9c5-f73bbfbd69e5",
      "stepType": "SCRIPT_STEP",
      "inputMappings": [
        {
          "inputPort": "input",
          "mapping": "${event.properties.incidentId}",
          "stepInput": "97ceeffa-3b70-4f5c-ac04-251719b0cf9c"
        },
        {
          "inputPort": "input",
          "mapping": "${constants.API Token}",
          "stepInput": "821afff5-2a81-4b79-a12a-51f3fbffc520"
        }
      ]
    },
    {
      "id": "3b4f9ae1-9a6e-4005-b1f3-721af45d4b86",
      "label": "SignalFx - Send delivery event",
      "environment": "HOSTED",
      "presentation": "{\"w\":60,\"x\":103,\"h\":60,\"y\":297}",
      "step": "fa9e2d8c-9bb4-432f-a985-45c067282e0b",
      "stepType": "SCRIPT_STEP",
      "inputMappings": [
        {
          "inputPort": "input",
          "mapping": "${event.properties.incidentId}",
          "stepInput": "c358a66f-bdd8-4ebb-a5b4-cc1b1488d1a4"
        },
        {
          "inputPort": "input",
          "mapping": "xMatters delivered a notification to ${triggerOutputRESPONSE.respondedTo.by.firstName} ${triggerOutputRESPONSE.respondedTo.by.lastName} (${triggerOutputRESPONSE.respondedTo.by.targetName}) on their ${triggerOutputRESPONSE.response.deviceName} device at ${triggerOutputRESPONSE.respondedTo.at}.\nResponses: ${triggerOutputRESPONSE.response.response}",
          "stepInput": "f2f6cdf5-0c2a-4c6e-8207-0b69899fda71"
        },
        {
          "inputPort": "input",
          "mapping": "${event.eventId}",
          "stepInput": "18568121-70e5-4de9-9799-dc1e2e65a4c5"
        },
        {
          "inputPort": "input",
          "mapping": "${constants.API Token}",
          "stepInput": "dd764903-31b6-42b5-a075-08a4a089864d"
        }
      ]
    },
    {
      "id": "42e3328e-a793-436c-a410-c78d2f66f897",
      "label": "SignalFx - Unmute",
      "environment": "HOSTED",
      "presentation": "{\"w\":60,\"x\":100,\"h\":60,\"y\":608}",
      "step": "9b06a92a-1885-4218-b2f4-0d7afec10e62",
      "stepType": "SCRIPT_STEP",
      "inputMappings": [
        {
          "inputPort": "input",
          "mapping": "${event.properties.metricInputs}",
          "stepInput": "fed105ee-4a49-4865-8ff2-baf6f39f60a8"
        },
        {
          "inputPort": "input",
          "mapping": "${event.properties.detectorUrl}",
          "stepInput": "75d7aa62-be9c-4bad-9704-9e2422802428"
        },
        {
          "inputPort": "input",
          "mapping": "${constants.API Token}",
          "stepInput": "80284cab-9143-4413-8a7d-dd329586e835"
        }
      ]
    },
    {
      "id": "6d4870b1-a9eb-40c1-ac7a-dee23ac8d589",
      "label": "SignalFx Alerts - Inbound - SignalFX",
      "environment": "HOSTED",
      "presentation": "{\"w\":60,\"x\":-139,\"h\":60,\"y\":-175}",
      "step": "8eac673e-a001-4435-9937-998d2099411b",
      "stepType": "INTEGRATION"
    },
    {
      "id": "776e646f-e4fe-4646-a8ad-d8962a7ef503",
      "label": "Status check",
      "environment": "HOSTED",
      "presentation": "{\"w\":60,\"x\":448,\"h\":60,\"y\":-155}",
      "stepType": "SWITCH",
      "inputMappings": [
        {
          "inputPort": "input",
          "mapping": "${6d4870b1-a9eb-40c1-ac7a-dee23ac8d589.status}"
        }
      ],
      "switchCases": [
        {
          "caseId": "b30e9403-ffc8-49f7-8264-d0f30ec6d7d8",
          "caseValue": "ok"
        }
      ]
    },
    {
      "id": "fc390d25-8698-4c40-9740-c102271e7f7c",
      "label": "Terminate Events",
      "environment": "HOSTED",
      "presentation": "{\"w\":60,\"x\":289,\"h\":60,\"y\":127}",
      "step": "798e3053-b4b4-5e8c-ba84-8a11c3be6237",
      "stepType": "SCRIPT_STEP",
      "inputMappings": [
        {
          "inputPort": "input",
          "mapping": "${f74906b5-feb4-4433-8a6d-a55b6caf4849.Event IDs}",
          "stepInput": "4fdf2591-4925-5682-8911-f0163d7f98dd"
        }
      ]
    },
    {
      "id": "d815638b-5815-44a8-8223-719591f20d73",
      "label": "Unmute",
      "environment": "HOSTED",
      "presentation": "{}",
      "step": "9eda08a3-f827-44de-a4e6-cc980f62817d",
      "stepType": "INTEGRATION"
    },
    {
      "id": "b1fc47db-251b-4d07-8462-66f80a09ae52",
      "label": "xMatters Create Event - SignalFx Alerts",
      "environment": "HOSTED",
      "presentation": "{\"w\":60,\"x\":663,\"h\":60,\"y\":94}",
      "step": "91abeed0-6ff4-4d57-8ac1-0109522fb787",
      "stepType": "CREATE_EVENT",
      "inputMappings": [
        {
          "inputPort": "input",
          "mapping": "${6d4870b1-a9eb-40c1-ac7a-dee23ac8d589.shortDescription}",
          "sectionItemKey": "0101465c-50c3-45b7-bd9f-13e4a55c4b89"
        },
        {
          "inputPort": "input",
          "mapping": "${6d4870b1-a9eb-40c1-ac7a-dee23ac8d589.timestamp}",
          "sectionItemKey": "629b5125-d040-4a62-bed5-9c98243934b0"
        },
        {
          "inputPort": "input",
          "mapping": "${6d4870b1-a9eb-40c1-ac7a-dee23ac8d589.metricValue}",
          "sectionItemKey": "d26d15a5-8fcf-4a3c-b635-653373155f06"
        },
        {
          "inputPort": "input",
          "mapping": "${6d4870b1-a9eb-40c1-ac7a-dee23ac8d589.recipients}",
          "sectionItemKey": "2a0005ad-2a78-4d91-ae6d-0f5c21dbb329"
        },
        {
          "inputPort": "input",
          "mapping": "${6d4870b1-a9eb-40c1-ac7a-dee23ac8d589.incidentId}",
          "sectionItemKey": "2425816a-ec31-44bd-be82-41f49d33ad31"
        },
        {
          "inputPort": "input",
          "mapping": "${6d4870b1-a9eb-40c1-ac7a-dee23ac8d589.detectorUrl}",
          "sectionItemKey": "ee5c317c-1263-4e78-9555-19bfc9cea6eb"
        },
        {
          "inputPort": "input",
          "mapping": "${6d4870b1-a9eb-40c1-ac7a-dee23ac8d589.eventType}",
          "sectionItemKey": "88b84ab2-3e95-4918-85ab-267385071239"
        },
        {
          "inputPort": "input",
          "mapping": "${6d4870b1-a9eb-40c1-ac7a-dee23ac8d589.metricInputs}",
          "sectionItemKey": "0d04e6c8-e61e-4180-9343-f4ef9717912a"
        },
        {
          "inputPort": "input",
          "mapping": "${6d4870b1-a9eb-40c1-ac7a-dee23ac8d589.priority}",
          "sectionItemKey": "d643cc08-bb49-479a-b0ae-37d5eebb7af0"
        },
        {
          "inputPort": "input",
          "mapping": "${6d4870b1-a9eb-40c1-ac7a-dee23ac8d589.metricKeys}",
          "sectionItemKey": "9a08ac1c-0e01-4bdc-b008-b99f49265f14"
        },
        {
          "inputPort": "input",
          "mapping": "${6d4870b1-a9eb-40c1-ac7a-dee23ac8d589.description}",
          "sectionItemKey": "bf4a868b-3e53-47c8-b858-613647d02b49"
        },
        {
          "inputPort": "input",
          "mapping": "${6d4870b1-a9eb-40c1-ac7a-dee23ac8d589.status}",
          "sectionItemKey": "2b56e4fa-1230-4d2a-b60d-d8a71c15eae9"
        },
        {
          "inputPort": "input",
          "mapping": "${6d4870b1-a9eb-40c1-ac7a-dee23ac8d589.metricInputs}",
          "sectionItemKey": "65fe6c33-af77-4bad-8429-c5a7ec2ccd0c"
        },
        {
          "inputPort": "input",
          "mapping": "${6d4870b1-a9eb-40c1-ac7a-dee23ac8d589.detectOnCondition}",
          "sectionItemKey": "30896459-e759-4317-ac24-958160efc541"
        },
        {
          "inputPort": "input",
          "mapping": "${6d4870b1-a9eb-40c1-ac7a-dee23ac8d589.detector}",
          "sectionItemKey": "049459a5-54f9-4f27-9863-8df6f3251307"
        },
        {
          "inputPort": "input",
          "mapping": "${6d4870b1-a9eb-40c1-ac7a-dee23ac8d589.rule}",
          "sectionItemKey": "3aa7a3cd-077a-4677-a0ac-2a26a955ea39"
        }
      ]
    }
  ],
  "edges": [
    {
      "fromBlock": "bb30b761-91c0-44ee-81b0-58e14001f40c",
      "fromPort": "output",
      "toBlock": "69e60c5f-361c-476a-befb-f141b68a39f0",
      "toPort": "input"
    },
    {
      "fromBlock": "c22374dc-b0e0-4488-854d-c07c5e9460e6",
      "fromPort": "output",
      "toBlock": "3b4f9ae1-9a6e-4005-b1f3-721af45d4b86",
      "toPort": "input"
    },
    {
      "fromBlock": "d815638b-5815-44a8-8223-719591f20d73",
      "fromPort": "output",
      "toBlock": "42e3328e-a793-436c-a410-c78d2f66f897",
      "toPort": "input"
    },
    {
      "fromBlock": "f74906b5-feb4-4433-8a6d-a55b6caf4849",
      "fromPort": "output",
      "toBlock": "743d9b81-086e-481d-a708-d285f0de481a",
      "toPort": "input"
    },
    {
      "fromBlock": "fc390d25-8698-4c40-9740-c102271e7f7c",
      "fromPort": "output",
      "toBlock": "776e646f-e4fe-4646-a8ad-d8962a7ef503",
      "toPort": "input"
    },
    {
      "fromBlock": "4db4c5e5-b8b2-4f9d-bc90-5ca6b0c92c87",
      "fromPort": "output",
      "toBlock": "2082e483-1f1d-471c-b7ab-b347d9c885fc",
      "toPort": "input"
    },
    {
      "fromBlock": "6d4870b1-a9eb-40c1-ac7a-dee23ac8d589",
      "fromPort": "output",
      "toBlock": "f74906b5-feb4-4433-8a6d-a55b6caf4849",
      "toPort": "input"
    },
    {
      "fromBlock": "743d9b81-086e-481d-a708-d285f0de481a",
      "fromPort": "output",
      "toBlock": "fc390d25-8698-4c40-9740-c102271e7f7c",
      "toPort": "input"
    },
    {
      "fromBlock": "743d9b81-086e-481d-a708-d285f0de481a",
      "fromPort": "6d64b723-9e4e-4dfe-82f7-a73e707548a0",
      "toBlock": "776e646f-e4fe-4646-a8ad-d8962a7ef503",
      "toPort": "input"
    },
    {
      "fromBlock": "776e646f-e4fe-4646-a8ad-d8962a7ef503",
      "fromPort": "output",
      "toBlock": "b1fc47db-251b-4d07-8462-66f80a09ae52",
      "toPort": "input"
    }
  ]
}