[
  {
    "baseType": 3,
    "name": "description",
    "defaultValue": "",
    "description": "",
    "helpText": "",
    "isSystem": false,
    "minLength": 0,
    "maxLength": 20000,
    "validationRegex": "",
    "isValidate": false,
    "uuid": "bf4a868b-3e53-47c8-b858-613647d02b49"
  },
  {
    "baseType": 3,
    "name": "detectOffCondition",
    "defaultValue": "",
    "description": "",
    "helpText": "",
    "isSystem": false,
    "minLength": 0,
    "maxLength": 20000,
    "validationRegex": "",
    "isValidate": false,
    "uuid": "674938b2-d259-42a0-8e8d-a65051d7215f"
  },
  {
    "baseType": 3,
    "name": "detectOnCondition",
    "defaultValue": "",
    "description": "",
    "helpText": "",
    "isSystem": false,
    "minLength": 0,
    "maxLength": 20000,
    "validationRegex": "",
    "isValidate": false,
    "uuid": "30896459-e759-4317-ac24-958160efc541"
  },
  {
    "baseType": 3,
    "name": "detector",
    "defaultValue": "",
    "description": "",
    "helpText": "",
    "isSystem": false,
    "minLength": 0,
    "maxLength": 100,
    "validationRegex": "",
    "isValidate": false,
    "uuid": "049459a5-54f9-4f27-9863-8df6f3251307"
  },
  {
    "baseType": 3,
    "name": "detectorUrl",
    "defaultValue": "",
    "description": "",
    "helpText": "",
    "isSystem": false,
    "minLength": 0,
    "maxLength": 2000,
    "validationRegex": "",
    "isValidate": false,
    "uuid": "ee5c317c-1263-4e78-9555-19bfc9cea6eb"
  },
  {
    "baseType": 3,
    "name": "eventType",
    "defaultValue": "",
    "description": "",
    "helpText": "",
    "isSystem": false,
    "minLength": 0,
    "maxLength": 20000,
    "validationRegex": "",
    "isValidate": false,
    "uuid": "88b84ab2-3e95-4918-85ab-267385071239"
  },
  {
    "baseType": 3,
    "name": "incidentId",
    "defaultValue": "",
    "description": "",
    "helpText": "Incident ID from SignalFx",
    "isSystem": false,
    "minLength": 0,
    "maxLength": 100,
    "validationRegex": "",
    "isValidate": false,
    "uuid": "2425816a-ec31-44bd-be82-41f49d33ad31"
  },
  {
    "baseType": 3,
    "name": "inputs",
    "defaultValue": "",
    "description": "",
    "helpText": "",
    "isSystem": false,
    "minLength": 0,
    "maxLength": 20000,
    "validationRegex": "",
    "isValidate": false,
    "uuid": "0d04e6c8-e61e-4180-9343-f4ef9717912a"
  },
  {
    "baseType": 3,
    "name": "metricInputs",
    "defaultValue": "",
    "description": "",
    "helpText": "",
    "isSystem": false,
    "minLength": 0,
    "maxLength": 8000,
    "validationRegex": "",
    "isValidate": false,
    "uuid": "65fe6c33-af77-4bad-8429-c5a7ec2ccd0c"
  },
  {
    "baseType": 3,
    "name": "metricKeys",
    "defaultValue": "",
    "description": "",
    "helpText": "",
    "isSystem": false,
    "minLength": 0,
    "maxLength": 20000,
    "validationRegex": "",
    "isValidate": false,
    "uuid": "9a08ac1c-0e01-4bdc-b008-b99f49265f14"
  },
  {
    "baseType": 3,
    "name": "metricValue",
    "defaultValue": "",
    "description": "",
    "helpText": "",
    "isSystem": false,
    "minLength": 0,
    "maxLength": 20000,
    "validationRegex": "",
    "isValidate": false,
    "uuid": "d26d15a5-8fcf-4a3c-b635-653373155f06"
  },
  {
    "baseType": 3,
    "name": "recipients",
    "defaultValue": "",
    "description": "",
    "helpText": "",
    "isSystem": false,
    "minLength": 0,
    "maxLength": 20000,
    "validationRegex": "",
    "isValidate": false,
    "uuid": "2a0005ad-2a78-4d91-ae6d-0f5c21dbb329"
  },
  {
    "baseType": 3,
    "name": "rule",
    "defaultValue": "",
    "description": "",
    "helpText": "",
    "isSystem": false,
    "minLength": 0,
    "maxLength": 20000,
    "validationRegex": "",
    "isValidate": false,
    "uuid": "3aa7a3cd-077a-4677-a0ac-2a26a955ea39"
  },
  {
    "baseType": 3,
    "name": "severity",
    "defaultValue": "",
    "description": "",
    "helpText": "",
    "isSystem": false,
    "minLength": 0,
    "maxLength": 100,
    "validationRegex": "",
    "isValidate": false,
    "uuid": "d643cc08-bb49-479a-b0ae-37d5eebb7af0"
  },
  {
    "baseType": 3,
    "name": "sf_schema",
    "defaultValue": "",
    "description": "",
    "helpText": "",
    "isSystem": false,
    "minLength": 0,
    "maxLength": 30,
    "validationRegex": "",
    "isValidate": false,
    "uuid": "09baeda0-a3b7-4761-be7a-43fd6ba12380"
  },
  {
    "baseType": 3,
    "name": "shortDescription",
    "defaultValue": "",
    "description": "",
    "helpText": "",
    "isSystem": false,
    "minLength": 0,
    "maxLength": 100,
    "validationRegex": "",
    "isValidate": false,
    "uuid": "0101465c-50c3-45b7-bd9f-13e4a55c4b89"
  },
  {
    "baseType": 3,
    "name": "status",
    "defaultValue": "",
    "description": "",
    "helpText": "",
    "isSystem": false,
    "minLength": 0,
    "maxLength": 30,
    "validationRegex": "",
    "isValidate": false,
    "uuid": "2b56e4fa-1230-4d2a-b60d-d8a71c15eae9"
  },
  {
    "baseType": 3,
    "name": "timestamp",
    "defaultValue": "",
    "description": "",
    "helpText": "",
    "isSystem": false,
    "minLength": 0,
    "maxLength": 30,
    "validationRegex": "",
    "isValidate": false,
    "uuid": "629b5125-d040-4a62-bed5-9c98243934b0"
  }
]