[
  {
    "baseType": 3,
    "name": "description",
    "defaultValue": "",
    "description": "",
    "helpText": "",
    "isSystem": false,
    "minLength": 0,
    "maxLength": 20000,
    "validationRegex": "",
    "isValidate": false,
    "uuid": "3b42671d-9f45-439d-93fd-c892388e7b76"
  },
  {
    "baseType": 3,
    "name": "detectOffCondition",
    "defaultValue": "",
    "description": "",
    "helpText": "",
    "isSystem": false,
    "minLength": 0,
    "maxLength": 20000,
    "validationRegex": "",
    "isValidate": false,
    "uuid": "bb22f50a-043a-436e-97dd-df110653820e"
  },
  {
    "baseType": 3,
    "name": "detectOnCondition",
    "defaultValue": "",
    "description": "",
    "helpText": "",
    "isSystem": false,
    "minLength": 0,
    "maxLength": 20000,
    "validationRegex": "",
    "isValidate": false,
    "uuid": "f6a59968-92da-4881-99ec-8ad202816252"
  },
  {
    "baseType": 3,
    "name": "detector",
    "defaultValue": "",
    "description": "",
    "helpText": "",
    "isSystem": false,
    "minLength": 0,
    "maxLength": 100,
    "validationRegex": "",
    "isValidate": false,
    "uuid": "30c2e954-600b-4987-a9a5-e4dc55db2483"
  },
  {
    "baseType": 3,
    "name": "detectorUrl",
    "defaultValue": "",
    "description": "",
    "helpText": "",
    "isSystem": false,
    "minLength": 0,
    "maxLength": 2000,
    "validationRegex": "",
    "isValidate": false,
    "uuid": "b39e32a7-4c4d-41f4-b2b4-472316578666"
  },
  {
    "baseType": 3,
    "name": "eventType",
    "defaultValue": "",
    "description": "",
    "helpText": "",
    "isSystem": false,
    "minLength": 0,
    "maxLength": 20000,
    "validationRegex": "",
    "isValidate": false,
    "uuid": "4ec7eb64-bcb8-48a2-9efb-b5ab882b2546"
  },
  {
    "baseType": 3,
    "name": "incidentId",
    "defaultValue": "",
    "description": "",
    "helpText": "Incident ID from SignalFx",
    "isSystem": false,
    "minLength": 0,
    "maxLength": 100,
    "validationRegex": "",
    "isValidate": false,
    "uuid": "faf58fd5-d038-4d32-8217-790cb7613b61"
  },
  {
    "baseType": 3,
    "name": "inputs",
    "defaultValue": "",
    "description": "",
    "helpText": "",
    "isSystem": false,
    "minLength": 0,
    "maxLength": 20000,
    "validationRegex": "",
    "isValidate": false,
    "uuid": "fc106306-2d5e-4b11-9082-89f773673184"
  },
  {
    "baseType": 3,
    "name": "metricInputs",
    "defaultValue": "",
    "description": "",
    "helpText": "",
    "isSystem": false,
    "minLength": 0,
    "maxLength": 8000,
    "validationRegex": "",
    "isValidate": false,
    "uuid": "305d8059-d85c-46ab-a76a-e417330dd00f"
  },
  {
    "baseType": 3,
    "name": "metricKeys",
    "defaultValue": "",
    "description": "",
    "helpText": "",
    "isSystem": false,
    "minLength": 0,
    "maxLength": 20000,
    "validationRegex": "",
    "isValidate": false,
    "uuid": "a3f07309-336e-4ef4-a04d-def934c1255d"
  },
  {
    "baseType": 3,
    "name": "metricValue",
    "defaultValue": "",
    "description": "",
    "helpText": "",
    "isSystem": false,
    "minLength": 0,
    "maxLength": 20000,
    "validationRegex": "",
    "isValidate": false,
    "uuid": "b542467c-e9a5-4c1e-ae5d-d93123702986"
  },
  {
    "baseType": 3,
    "name": "recipients",
    "defaultValue": "",
    "description": "",
    "helpText": "",
    "isSystem": false,
    "minLength": 0,
    "maxLength": 20000,
    "validationRegex": "",
    "isValidate": false,
    "uuid": "9cc3b257-52be-4984-a018-de6118a1dbfa"
  },
  {
    "baseType": 3,
    "name": "rule",
    "defaultValue": "",
    "description": "",
    "helpText": "",
    "isSystem": false,
    "minLength": 0,
    "maxLength": 20000,
    "validationRegex": "",
    "isValidate": false,
    "uuid": "2c2c82b4-84be-4753-aae0-c26354125472"
  },
  {
    "baseType": 3,
    "name": "severity",
    "defaultValue": "",
    "description": "",
    "helpText": "",
    "isSystem": false,
    "minLength": 0,
    "maxLength": 100,
    "validationRegex": "",
    "isValidate": false,
    "uuid": "d6894586-ecab-4dde-af8b-2a2ff8b9093f"
  },
  {
    "baseType": 3,
    "name": "sf_schema",
    "defaultValue": "",
    "description": "",
    "helpText": "",
    "isSystem": false,
    "minLength": 0,
    "maxLength": 30,
    "validationRegex": "",
    "isValidate": false,
    "uuid": "526eaee1-e76e-45e4-b903-dfd43343f31e"
  },
  {
    "baseType": 3,
    "name": "shortDescription",
    "defaultValue": "",
    "description": "",
    "helpText": "",
    "isSystem": false,
    "minLength": 0,
    "maxLength": 100,
    "validationRegex": "",
    "isValidate": false,
    "uuid": "c990c3b3-6d5c-403b-a395-9a3337482bcb"
  },
  {
    "baseType": 3,
    "name": "status",
    "defaultValue": "",
    "description": "",
    "helpText": "",
    "isSystem": false,
    "minLength": 0,
    "maxLength": 30,
    "validationRegex": "",
    "isValidate": false,
    "uuid": "3d99efa9-0387-4352-bf8c-c81a13cae400"
  },
  {
    "baseType": 3,
    "name": "timestamp",
    "defaultValue": "",
    "description": "",
    "helpText": "",
    "isSystem": false,
    "minLength": 0,
    "maxLength": 30,
    "validationRegex": "",
    "isValidate": false,
    "uuid": "ab8c17e4-99dd-4693-9b91-301d8a767604"
  }
]