{
  "integrations": [
    {
      "id": "8e5b557e-150a-459f-97e6-4dac44f9971e",
      "name": "SignalFx Alerts - Acknowledge",
      "action": "RUN_SCRIPT",
      "type": "OUTBOUND_WEBHOOK",
      "triggeredBy": "RESPONSE",
      "responseChoice": "Acknowledge",
      "deployed": true,
      "form": "91abeed0-6ff4-4d57-8ac1-0109522fb787",
      "environment": "HOSTED",
      "authType": "NONE",
      "createdBy": "FLOW"
    },
    {
      "id": "0daacd1c-9df5-466b-a7cf-6615800a7e60",
      "name": "SignalFx Alerts - Add a Note",
      "action": "RUN_SCRIPT",
      "type": "OUTBOUND_WEBHOOK",
      "triggeredBy": "RESPONSE",
      "responseChoice": "Add a Note",
      "deployed": true,
      "form": "91abeed0-6ff4-4d57-8ac1-0109522fb787",
      "environment": "HOSTED",
      "authType": "NONE",
      "createdBy": "FLOW"
    },
    {
      "id": "f61ae436-ae84-4f3b-95d1-c428dfb2e873",
      "name": "SignalFx Alerts - Escalate",
      "action": "RUN_SCRIPT",
      "type": "OUTBOUND_WEBHOOK",
      "triggeredBy": "RESPONSE",
      "responseChoice": "Escalate",
      "deployed": true,
      "form": "91abeed0-6ff4-4d57-8ac1-0109522fb787",
      "environment": "HOSTED",
      "authType": "NONE",
      "createdBy": "FLOW"
    },
    {
      "id": "8eac673e-a001-4435-9937-998d2099411b",
      "name": "SignalFx Alerts - Inbound - SignalFX",
      "action": "RUN_SCRIPT",
      "type": "INBOUND_WEBHOOK",
      "deployed": true,
      "form": "91abeed0-6ff4-4d57-8ac1-0109522fb787",
      "environment": "HOSTED",
      "authType": "URL",
      "createdBy": "FLOW",
      "integrationScriptStepUuid": "7db62bac-e1a1-489a-bf8c-51d818ee8fee"
    },
    {
      "id": "fee1a917-6d31-4314-8a8f-5814f622c82a",
      "name": "SignalFx Alerts - Mute",
      "action": "RUN_SCRIPT",
      "type": "OUTBOUND_WEBHOOK",
      "triggeredBy": "RESPONSE",
      "responseChoice": "Mute",
      "deployed": true,
      "form": "91abeed0-6ff4-4d57-8ac1-0109522fb787",
      "environment": "HOSTED",
      "authType": "NONE",
      "createdBy": "FLOW"
    },
    {
      "id": "31f1cb7f-2ad7-4d59-b59e-db9b1df60991",
      "name": "SignalFx Alerts - Resolve",
      "action": "RUN_SCRIPT",
      "type": "OUTBOUND_WEBHOOK",
      "triggeredBy": "RESPONSE",
      "responseChoice": "Resolve",
      "deployed": true,
      "form": "91abeed0-6ff4-4d57-8ac1-0109522fb787",
      "environment": "HOSTED",
      "authType": "NONE",
      "createdBy": "FLOW"
    },
    {
      "id": "9eda08a3-f827-44de-a4e6-cc980f62817d",
      "name": "SignalFx Alerts - Unmute",
      "action": "RUN_SCRIPT",
      "type": "OUTBOUND_WEBHOOK",
      "triggeredBy": "RESPONSE",
      "responseChoice": "Unmute",
      "deployed": true,
      "form": "91abeed0-6ff4-4d57-8ac1-0109522fb787",
      "environment": "HOSTED",
      "authType": "NONE",
      "createdBy": "FLOW"
    }
  ],
  "endpoints": [
    {
      "name": "SignalFx API",
      "baseUrl": "https://api.us1.signalfx.com",
      "type": "EXTERNAL",
      "authentication": "NO_AUTH"
    },
    {
      "name": "SignalFx Ingest",
      "baseUrl": "https://ingest.us1.signalfx.com",
      "type": "EXTERNAL",
      "authentication": "NO_AUTH"
    }
  ],
  "constants": [
    {
      "name": "Add Note on xMatters Event Creation",
      "value": "false",
      "description": "true if the request to start an event in xMatters should add a note to SignalFx; otherwise false"
    },
    {
      "name": "API Token",
      "value": "",
      "description": "API Access token for SignalFx"
    },
    {
      "name": "Language",
      "value": "EN",
      "description": "The language code of workflow properties (for example, en for English)"
    },
    {
      "name": "Mute Duration",
      "value": "60 minutes",
      "description": "How long an alert notification should be muted when Mute is selected as a response"
    }
  ]
}