{
  "integrations": [
    {
      "id": "1c14bc3c-563f-43ef-8769-6a823f1a0e75",
      "name": "SignalFx Alerts - Acknowledge",
      "action": "RUN_SCRIPT",
      "type": "OUTBOUND_WEBHOOK",
      "triggeredBy": "RESPONSE",
      "responseChoice": "Acknowledge",
      "deployed": true,
      "form": "76dd2820-ec6c-4a6f-a0d8-84f801d00c44",
      "environment": "HOSTED",
      "authType": "NONE",
      "createdBy": "FLOW"
    },
    {
      "id": "e25c9204-8ef2-475a-8851-830fc7be99cb",
      "name": "SignalFx Alerts - Add a Note",
      "action": "RUN_SCRIPT",
      "type": "OUTBOUND_WEBHOOK",
      "triggeredBy": "RESPONSE",
      "responseChoice": "Add a Note",
      "deployed": true,
      "form": "76dd2820-ec6c-4a6f-a0d8-84f801d00c44",
      "environment": "HOSTED",
      "authType": "NONE",
      "createdBy": "FLOW"
    },
    {
      "id": "ff7eb74a-0c53-488e-9742-3b9200159137",
      "name": "SignalFx Alerts - Escalate",
      "action": "RUN_SCRIPT",
      "type": "OUTBOUND_WEBHOOK",
      "triggeredBy": "RESPONSE",
      "responseChoice": "Escalate",
      "deployed": true,
      "form": "76dd2820-ec6c-4a6f-a0d8-84f801d00c44",
      "environment": "HOSTED",
      "authType": "NONE",
      "createdBy": "FLOW"
    },
    {
      "id": "2783af8e-e3d0-48b7-9c85-1c24cae16e06",
      "name": "SignalFx Alerts - Inbound - SignalFX",
      "action": "RUN_SCRIPT",
      "type": "INBOUND_WEBHOOK",
      "deployed": true,
      "form": "76dd2820-ec6c-4a6f-a0d8-84f801d00c44",
      "environment": "HOSTED",
      "authType": "URL",
      "createdBy": "FLOW",
      "integrationScriptStepUuid": "b5f6c7d9-257a-4463-bb10-50837702f4ee"
    },
    {
      "id": "58198fc0-090e-47cb-85b4-1aaabdf42482",
      "name": "SignalFx Alerts - Mute",
      "action": "RUN_SCRIPT",
      "type": "OUTBOUND_WEBHOOK",
      "triggeredBy": "RESPONSE",
      "responseChoice": "Mute",
      "deployed": true,
      "form": "76dd2820-ec6c-4a6f-a0d8-84f801d00c44",
      "environment": "HOSTED",
      "authType": "NONE",
      "createdBy": "FLOW"
    },
    {
      "id": "7164dc99-21c1-437f-ad38-857aa0f103a2",
      "name": "SignalFx Alerts - Resolve",
      "action": "RUN_SCRIPT",
      "type": "OUTBOUND_WEBHOOK",
      "triggeredBy": "RESPONSE",
      "responseChoice": "Resolve",
      "deployed": true,
      "form": "76dd2820-ec6c-4a6f-a0d8-84f801d00c44",
      "environment": "HOSTED",
      "authType": "NONE",
      "createdBy": "FLOW"
    },
    {
      "id": "7ff351f8-ccf7-4df2-98d1-93171bf95a30",
      "name": "SignalFx Alerts - Unmute",
      "action": "RUN_SCRIPT",
      "type": "OUTBOUND_WEBHOOK",
      "triggeredBy": "RESPONSE",
      "responseChoice": "Unmute",
      "deployed": true,
      "form": "76dd2820-ec6c-4a6f-a0d8-84f801d00c44",
      "environment": "HOSTED",
      "authType": "NONE",
      "createdBy": "FLOW"
    }
  ],
  "endpoints": [
    {
      "name": "SignalFx API",
      "baseUrl": "https://api.us1.signalfx.com",
      "type": "EXTERNAL",
      "authentication": "NO_AUTH"
    },
    {
      "name": "SignalFx Ingest",
      "baseUrl": "https://ingest.us1.signalfx.com",
      "type": "EXTERNAL",
      "authentication": "NO_AUTH"
    }
  ],
  "constants": [
    {
      "name": "Add Note on xMatters Event Creation",
      "value": "false",
      "description": "true if the request to start an event in xMatters should add a note to SignalFx; otherwise false"
    },
    {
      "name": "API Token",
      "value": "",
      "description": "API Access token for SignalFx"
    },
    {
      "name": "Language",
      "value": "EN",
      "description": "The language code of workflow properties (for example, en for English)"
    },
    {
      "name": "Mute Duration",
      "value": "60 minutes",
      "description": "How long an alert notification should be muted when Mute is selected as a response"
    }
  ]
}