{
  "name": "SignalFx Alerts",
  "form": "76dd2820-ec6c-4a6f-a0d8-84f801d00c44",
  "blocks": [
    {
      "id": "a5a6b605-0f37-4612-99f9-29b26432c5b2",
      "label": "Acknowledge",
      "environment": "HOSTED",
      "presentation": "{}",
      "step": "1c14bc3c-563f-43ef-8769-6a823f1a0e75",
      "stepType": "INTEGRATION"
    },
    {
      "id": "2f203760-bf82-4ea1-b613-6075f3592865",
      "label": "Add a Note",
      "environment": "HOSTED",
      "presentation": "{}",
      "step": "e25c9204-8ef2-475a-8851-830fc7be99cb",
      "stepType": "INTEGRATION"
    },
    {
      "id": "3ac8589a-5e0e-4ea4-a2d7-fc8fdea9bd3f",
      "label": "Escalate",
      "environment": "HOSTED",
      "presentation": "{}",
      "step": "ff7eb74a-0c53-488e-9742-3b9200159137",
      "stepType": "INTEGRATION"
    },
    {
      "id": "5b72f250-e9eb-4f46-be32-04758f3883d7",
      "label": "Event count",
      "environment": "HOSTED",
      "presentation": "{\"w\":60,\"x\":133,\"h\":60,\"y\":-158}",
      "stepType": "SWITCH",
      "inputMappings": [
        {
          "inputPort": "input",
          "mapping": "${7540277e-4056-48c8-8122-04a306b5d81e.Number of Event IDs Returned}"
        }
      ],
      "switchCases": [
        {
          "caseId": "206f6507-decf-4574-aa44-40f0f0f87414",
          "caseValue": "0"
        }
      ]
    },
    {
      "id": "7540277e-4056-48c8-8122-04a306b5d81e",
      "label": "Get Events",
      "environment": "HOSTED",
      "presentation": "{\"w\":60,\"x\":-14,\"h\":60,\"y\":-173}",
      "step": "f36cf6ba-2225-5cb3-831f-030a05527c72",
      "stepType": "SCRIPT_STEP",
      "inputMappings": [
        {
          "inputPort": "input",
          "mapping": "incidentId#${constants.Language}",
          "stepInput": "72cd05cc-dfe2-5933-b85c-edcf1df9f56f"
        },
        {
          "inputPort": "input",
          "mapping": "${55a525d4-1be0-41b7-b1ab-69fcc4a4030f.incidentId}",
          "stepInput": "b58893a5-ffaf-502d-982b-613dcd7b2232"
        },
        {
          "inputPort": "input",
          "mapping": "TRUE",
          "stepInput": "3bb89cc9-b89f-5291-9c54-1da7bc6c051a"
        }
      ]
    },
    {
      "id": "d9174d6a-57a8-47b8-9b28-520ac2f6e52f",
      "label": "Mute",
      "environment": "HOSTED",
      "presentation": "{}",
      "step": "58198fc0-090e-47cb-85b4-1aaabdf42482",
      "stepType": "INTEGRATION"
    },
    {
      "id": "a039b854-7086-461c-81c6-9623b567df08",
      "label": "Mute in SignalFX",
      "environment": "HOSTED",
      "presentation": "{\"w\":60,\"x\":88,\"h\":60,\"y\":453}",
      "step": "ec7f2d50-f1d1-4e4e-b2f5-8e6ef2b0a5f7",
      "stepType": "SCRIPT_STEP",
      "inputMappings": [
        {
          "inputPort": "input",
          "mapping": "${constants.Mute Duration}",
          "stepInput": "2ca3b9bc-59fc-48b6-af5d-f7ed3f6ffdda"
        },
        {
          "inputPort": "input",
          "mapping": "${event.properties.metricInputs}",
          "stepInput": "54eb03e8-b1bf-4781-9075-73d39be702db"
        },
        {
          "inputPort": "input",
          "mapping": "${event.properties.detectorUrl}",
          "stepInput": "fa5df51d-273a-4992-b708-5a54b2d001d7"
        }
      ]
    },
    {
      "id": "8a71b09c-b570-41a7-9cb9-30c6659ee387",
      "label": "Resolve",
      "environment": "HOSTED",
      "presentation": "{}",
      "step": "7164dc99-21c1-437f-ad38-857aa0f103a2",
      "stepType": "INTEGRATION"
    },
    {
      "id": "b8ee3d3f-8369-4e3f-816a-45177aa4b6b0",
      "label": "Resolve in SignalFX",
      "environment": "HOSTED",
      "presentation": "{\"w\":60,\"x\":129,\"h\":60,\"y\":1062}",
      "step": "ab68b1ac-a4f1-4a64-b2e2-d735707b166b",
      "stepType": "SCRIPT_STEP",
      "inputMappings": [
        {
          "inputPort": "input",
          "mapping": "${event.properties.incidentId}",
          "stepInput": "d1f74b27-3f29-43fb-a6ac-dd216b5aef07"
        }
      ]
    },
    {
      "id": "44d3ae29-8e61-4f3a-bac9-dcc699347e68",
      "label": "Responses",
      "environment": "HOSTED",
      "presentation": "{\"w\":100,\"x\":-93,\"h\":50,\"y\":141}",
      "stepType": "RESPONSES"
    },
    {
      "id": "0cf1b41f-bcd3-40df-b270-19214326a6f0",
      "label": "Send delivery event to SignalFX",
      "environment": "HOSTED",
      "presentation": "{\"w\":60,\"x\":220,\"h\":60,\"y\":337}",
      "step": "7df43caf-4364-4d5a-83cb-a22fa2d2a93f",
      "stepType": "SCRIPT_STEP",
      "inputMappings": [
        {
          "inputPort": "input",
          "mapping": "${event.properties.incidentId}",
          "stepInput": "c821ee7e-1655-4b13-9fff-c65479a69622"
        },
        {
          "inputPort": "input",
          "mapping": "xMatters delivered a notification to ${triggerOutputRESPONSE.respondedTo.by.firstName} ${triggerOutputRESPONSE.respondedTo.by.lastName} (${triggerOutputRESPONSE.respondedTo.by.targetName}) on their ${triggerOutputRESPONSE.response.deviceName} device at ${triggerOutputRESPONSE.respondedTo.at}.\nResponse: ${triggerOutputRESPONSE.response.response}",
          "stepInput": "efce83a6-c9b2-404c-b876-d4bb933f2739"
        },
        {
          "inputPort": "input",
          "mapping": "${event.eventId}",
          "stepInput": "06f1ed46-46b7-4ca7-80d0-cf8aac9cdf3d"
        }
      ]
    },
    {
      "id": "55a525d4-1be0-41b7-b1ab-69fcc4a4030f",
      "label": "SignalFx Alerts - Inbound - SignalFX",
      "environment": "HOSTED",
      "presentation": "{\"w\":60,\"x\":-139,\"h\":60,\"y\":-175}",
      "step": "2783af8e-e3d0-48b7-9c85-1c24cae16e06",
      "stepType": "INTEGRATION"
    },
    {
      "id": "f6bc7376-0fb2-4c23-b9fe-ae894d960bd5",
      "label": "Status check",
      "environment": "HOSTED",
      "presentation": "{\"w\":60,\"x\":448,\"h\":60,\"y\":-155}",
      "stepType": "SWITCH",
      "inputMappings": [
        {
          "inputPort": "input",
          "mapping": "${55a525d4-1be0-41b7-b1ab-69fcc4a4030f.status}"
        }
      ],
      "switchCases": [
        {
          "caseId": "5f5ccd87-e981-4aa3-a142-43054ed149ae",
          "caseValue": "ok"
        }
      ]
    },
    {
      "id": "0c456e2d-dc38-4fce-a2d3-2c3899524466",
      "label": "Terminate Events",
      "environment": "HOSTED",
      "presentation": "{\"w\":60,\"x\":289,\"h\":60,\"y\":127}",
      "step": "798e3053-b4b4-5e8c-ba84-8a11c3be6237",
      "stepType": "SCRIPT_STEP",
      "inputMappings": [
        {
          "inputPort": "input",
          "mapping": "${7540277e-4056-48c8-8122-04a306b5d81e.Event IDs}",
          "stepInput": "4fdf2591-4925-5682-8911-f0163d7f98dd"
        }
      ]
    },
    {
      "id": "7d99ef3f-2575-43ea-9f3a-65ea741546ca",
      "label": "Unmute",
      "environment": "HOSTED",
      "presentation": "{}",
      "step": "7ff351f8-ccf7-4df2-98d1-93171bf95a30",
      "stepType": "INTEGRATION"
    },
    {
      "id": "9f0271be-f5b1-4832-bd84-ecfbd04a8f51",
      "label": "Unmute in SignalFX",
      "environment": "HOSTED",
      "presentation": "{\"w\":60,\"x\":115,\"h\":60,\"y\":763}",
      "step": "970a57b5-e57a-435d-b4d5-b063ad393ee6",
      "stepType": "SCRIPT_STEP",
      "inputMappings": [
        {
          "inputPort": "input",
          "mapping": "${event.properties.metricInputs}",
          "stepInput": "75402701-0ad0-4d9c-b6cf-b5b958b875b8"
        },
        {
          "inputPort": "input",
          "mapping": "${event.properties.detectorUrl}",
          "stepInput": "ff2a7591-644e-4e5b-b727-1d2bff562870"
        }
      ]
    },
    {
      "id": "4d9f1337-9a8f-4b9c-9e60-6e00d540d994",
      "label": "xMatters Create Event - SignalFx Alerts",
      "environment": "HOSTED",
      "presentation": "{\"w\":60,\"x\":658,\"h\":60,\"y\":91}",
      "step": "76dd2820-ec6c-4a6f-a0d8-84f801d00c44",
      "stepType": "CREATE_EVENT",
      "inputMappings": [
        {
          "inputPort": "input",
          "mapping": "${55a525d4-1be0-41b7-b1ab-69fcc4a4030f.metricInputs}",
          "sectionItemKey": "fc106306-2d5e-4b11-9082-89f773673184"
        },
        {
          "inputPort": "input",
          "mapping": "${55a525d4-1be0-41b7-b1ab-69fcc4a4030f.priority}",
          "sectionItemKey": "d6894586-ecab-4dde-af8b-2a2ff8b9093f"
        },
        {
          "inputPort": "input",
          "mapping": "${55a525d4-1be0-41b7-b1ab-69fcc4a4030f.status}",
          "sectionItemKey": "3d99efa9-0387-4352-bf8c-c81a13cae400"
        },
        {
          "inputPort": "input",
          "mapping": "${55a525d4-1be0-41b7-b1ab-69fcc4a4030f.timestamp}",
          "sectionItemKey": "ab8c17e4-99dd-4693-9b91-301d8a767604"
        },
        {
          "inputPort": "input",
          "mapping": "${55a525d4-1be0-41b7-b1ab-69fcc4a4030f.rule}",
          "sectionItemKey": "2c2c82b4-84be-4753-aae0-c26354125472"
        },
        {
          "inputPort": "input",
          "mapping": "${55a525d4-1be0-41b7-b1ab-69fcc4a4030f.incidentId}",
          "sectionItemKey": "faf58fd5-d038-4d32-8217-790cb7613b61"
        },
        {
          "inputPort": "input",
          "mapping": "${55a525d4-1be0-41b7-b1ab-69fcc4a4030f.description}",
          "sectionItemKey": "3b42671d-9f45-439d-93fd-c892388e7b76"
        },
        {
          "inputPort": "input",
          "mapping": "${55a525d4-1be0-41b7-b1ab-69fcc4a4030f.metricInputs}",
          "sectionItemKey": "305d8059-d85c-46ab-a76a-e417330dd00f"
        },
        {
          "inputPort": "input",
          "mapping": "${55a525d4-1be0-41b7-b1ab-69fcc4a4030f.metricKeys}",
          "sectionItemKey": "a3f07309-336e-4ef4-a04d-def934c1255d"
        },
        {
          "inputPort": "input",
          "mapping": "${55a525d4-1be0-41b7-b1ab-69fcc4a4030f.detector}",
          "sectionItemKey": "30c2e954-600b-4987-a9a5-e4dc55db2483"
        },
        {
          "inputPort": "input",
          "mapping": "${55a525d4-1be0-41b7-b1ab-69fcc4a4030f.detectOnCondition}",
          "sectionItemKey": "f6a59968-92da-4881-99ec-8ad202816252"
        },
        {
          "inputPort": "input",
          "mapping": "${55a525d4-1be0-41b7-b1ab-69fcc4a4030f.detectorUrl}",
          "sectionItemKey": "b39e32a7-4c4d-41f4-b2b4-472316578666"
        },
        {
          "inputPort": "input",
          "mapping": "${55a525d4-1be0-41b7-b1ab-69fcc4a4030f.metricValue}",
          "sectionItemKey": "b542467c-e9a5-4c1e-ae5d-d93123702986"
        },
        {
          "inputPort": "input",
          "mapping": "${55a525d4-1be0-41b7-b1ab-69fcc4a4030f.recipients}",
          "sectionItemKey": "9cc3b257-52be-4984-a018-de6118a1dbfa"
        },
        {
          "inputPort": "input",
          "mapping": "${55a525d4-1be0-41b7-b1ab-69fcc4a4030f.shortDescription}",
          "sectionItemKey": "c990c3b3-6d5c-403b-a395-9a3337482bcb"
        },
        {
          "inputPort": "input",
          "mapping": "${55a525d4-1be0-41b7-b1ab-69fcc4a4030f.eventType}",
          "sectionItemKey": "4ec7eb64-bcb8-48a2-9efb-b5ab882b2546"
        }
      ]
    }
  ],
  "edges": [
    {
      "fromBlock": "8a71b09c-b570-41a7-9cb9-30c6659ee387",
      "fromPort": "output",
      "toBlock": "b8ee3d3f-8369-4e3f-816a-45177aa4b6b0",
      "toPort": "input"
    },
    {
      "fromBlock": "a5a6b605-0f37-4612-99f9-29b26432c5b2",
      "fromPort": "output",
      "toBlock": "0cf1b41f-bcd3-40df-b270-19214326a6f0",
      "toPort": "input"
    },
    {
      "fromBlock": "d9174d6a-57a8-47b8-9b28-520ac2f6e52f",
      "fromPort": "output",
      "toBlock": "a039b854-7086-461c-81c6-9623b567df08",
      "toPort": "input"
    },
    {
      "fromBlock": "f6bc7376-0fb2-4c23-b9fe-ae894d960bd5",
      "fromPort": "output",
      "toBlock": "4d9f1337-9a8f-4b9c-9e60-6e00d540d994",
      "toPort": "input"
    },
    {
      "fromBlock": "0c456e2d-dc38-4fce-a2d3-2c3899524466",
      "fromPort": "output",
      "toBlock": "f6bc7376-0fb2-4c23-b9fe-ae894d960bd5",
      "toPort": "input"
    },
    {
      "fromBlock": "55a525d4-1be0-41b7-b1ab-69fcc4a4030f",
      "fromPort": "output",
      "toBlock": "7540277e-4056-48c8-8122-04a306b5d81e",
      "toPort": "input"
    },
    {
      "fromBlock": "5b72f250-e9eb-4f46-be32-04758f3883d7",
      "fromPort": "206f6507-decf-4574-aa44-40f0f0f87414",
      "toBlock": "f6bc7376-0fb2-4c23-b9fe-ae894d960bd5",
      "toPort": "input"
    },
    {
      "fromBlock": "5b72f250-e9eb-4f46-be32-04758f3883d7",
      "fromPort": "output",
      "toBlock": "0c456e2d-dc38-4fce-a2d3-2c3899524466",
      "toPort": "input"
    },
    {
      "fromBlock": "7540277e-4056-48c8-8122-04a306b5d81e",
      "fromPort": "output",
      "toBlock": "5b72f250-e9eb-4f46-be32-04758f3883d7",
      "toPort": "input"
    },
    {
      "fromBlock": "7d99ef3f-2575-43ea-9f3a-65ea741546ca",
      "fromPort": "output",
      "toBlock": "9f0271be-f5b1-4832-bd84-ecfbd04a8f51",
      "toPort": "input"
    }
  ]
}